cloneId	readCount	readFraction	targetSequences	targetQualities	allVHitsWithScore	allDHitsWithScore	allJHitsWithScore	allCHitsWithScore	allVAlignments	allDAlignments	allJAlignments	allCAlignments	nSeqCDR3	minQualCDR3	aaSeqCDR3	refPoints
0	16.0	0.2711864406779661	TGTGCAAGGCCTTTTCTACTATGGTAACTAGTACTACTTTGACTACTGG	[[[[[[[[[[[[[[[[[[[[[[[[[[[[[[[[[[[[[[[[[[[[[[[[[	IGHV1-53*00(620.5)	IGHD2-7*00(55),IGHD2-8*00(55)	IGHJ2*00(260)	IGHM*00(305.3)	362|370|391|0|8||80.0	17|28|51|14|25||55.0;17|28|51|14|25||55.0	13|37|68|25|49|SG15C|211.0		TGTGCAAGGCCTTTTCTACTATGGTAACTAGTACTACTTTGACTACTGG	58	CARPFLLW_N*YYFDYW	:::::::::0:-1:8:14:0:-6:25:25:7:49:::
9	4.0	0.06779661016949153	TGTGCCAGAAGCGTTCTTTACTTTGACTACTGG	[[[[[[[[[[[[[[[[[[[[[[[[[[[[[[[[[	IGHV2-9-1*00(150)		IGHJ2*00(226)	IGHM*00(835)	359|369|390|0|10||100.0		22|37|68|18|33||150.0		TGTGCCAGAAGCGTTCTTTACTTTGACTACTGG	58	CARSVLYFDYW	:::::::::0:-1:10:::::18:-2:33:::
10	4.0	0.06779661016949153	TGTGCAAGTGAGCTACGTTCTTTACTTTGACTACTGG	[[[[[[[[[[[[[[[[[[[[[[[[[[[[[[[[[[[[[	IGHV5-2*00(526.3)	IGHD1-1*00(40),IGHD3-1*00(35),IGHD3-2*00(35)	IGHJ2*00(205)	IGHM*00(165)	362|370|393|0|8||80.0	40|48|69|10|18||40.0;29|36|51|11|18||35.0;27|34|48|11|18||35.0	22|37|68|22|37||150.0		TGTGCAAGTGAGCTACGTTCTTTACTTTGACTACTGG	58	CASELR_LYFDYW	:::::::::0:-3:8:10:-17:2:18:22:-2:37:::
16	3.0	0.05084745762711865	TGTGCAGGAGACAGAGCGTTCTTTACTTTGACTACTGG	[[[[[[[Y[[[[[[Y[[[[[[[[[[[[[[[[[[[Y[[Y	IGHV12-3*00(440)	IGHD3-2*00(25),IGHD5-8*00(25),IGHD6-2*00(25)	IGHJ2*00(230)		359|368|388|0|9||90.0	17|22|48|9|14||25.0;13|18|87|11|16||25.0;13|18|87|11|16||25.0	22|37|68|23|38||150.0		TGTGCAGGAGACAGAGCGTTCTTTACTTTGACTACTGG	56	CAGDRA_LYFDYW	:::::::::0:0:9:9:-1:-10:14:23:-2:38:::
17	3.0	0.05084745762711865	TGTGCAAGAAAGGGGTATTACTACGCATCCCCTATGGACTACTGG	[[[[[[[[[[[[[[[[[[[[[[[[[[[[[[[[[[[[[[[[[[[[[	IGHV1-55*00(245),IGHV1-59*00(245),IGHV1-61*00(245),IGHV1-62-3*00(245),IGHV1-69*00(245)	IGHD1-1*00(50)	IGHJ4*00(225)	IGHM*00(815)	362|371|391|0|9||90.0;362|371|391|0|9||90.0;362|371|391|0|9||90.0;362|371|391|0|9||90.0;362|371|391|0|9||90.0	25|35|69|15|25||50.0	29|43|74|31|45||140.0		TGTGCAAGAAAGGGGTATTACTACGCATCCCCTATGGACTACTGG	58	CARKGYYYASPMDYW	:::::::::0:0:9:15:-2:-11:25:31:-9:45:::
18	3.0	0.05084745762711865	TGTGGACCCCTATGGTAACTAGTACTACTTTGACTACTGG	[[[[[[[[[[[[[[[[[[[[[[[[[[[[[[[[[[[[[[[[	IGHV1-11*00(870)	IGHD2-7*00(35),IGHD2-8*00(35)	IGHJ2*00(208.3)		362|368|391|0|6||60.0	21|28|51|9|16||35.0;21|28|51|9|16||35.0	13|37|68|16|40|SG15C|211.0		TGTGGACCCCTATGGTAACTAGTACTACTTTGACTACTGG	58	CGPLW*L_YYFDYW	:::::::::0:-3:6:9:-4:-6:16:16:7:40:::
36	2.0	0.03389830508474576	TGTGCATCTCTACGTTCTTTACTTTGACTACTGG	[[[[[[[[[[[[YY[[[[[L[[[M[@[[[[[[[L	IGHV1-2*00(315),IGHV1-64*00(310),IGHV1-52*00(294),IGHV1-55*00(294),IGHV1-62-3*00(294)	IGHD2-8*00(30),IGHD5-3*00(30),IGHD5-5*00(30)	IGHJ2*00(230)	IGHM*00(887)	369|376|398|0|7||70.0;362|368|391|0|6||60.0;362|368|391|0|6||60.0;362|368|391|0|6||60.0;362|368|391|0|6||60.0	30|36|51|9|15||30.0;16|22|30|9|15||30.0;16|22|30|9|15||30.0	22|37|68|19|34||150.0		TGTGCATCTCTACGTTCTTTACTTTGACTACTGG	31	CASLRS_YFDYW	:::::::::0:-2:7:9:-13:2:15:19:-2:34:::
37	2.0	0.03389830508474576	TGTGCACCCCGTACGTTCTTTACTTTGACTACTGG	[Y[[Y[[[[[[[[[[[[[[[[[[[[[[[[[[[[[[	IGHV5-16*00(380)	IGHD2-8*00(25),IGHD5-3*00(25),IGHD5-5*00(25)	IGHJ2*00(230)	IGHM*00(505)	362|368|391|0|6||60.0	31|36|51|11|16||25.0;17|22|30|11|16||25.0;17|22|30|11|16||25.0	22|37|68|20|35||150.0		TGTGCACCCCGTACGTTCTTTACTTTGACTACTGG	56	CAPRTF_YFDYW	:::::::::0:-3:6:11:-14:2:16:20:-2:35:::
38	2.0	0.03389830508474576	TGTGCAAGGGGGCCCTATGGTTGGTCCTTTGACTACTGG	[Y[[[Y[[[Y[[[[[YMY[Y[[[[Y[[[[Y[[[L[[[[[	IGHV15-2*00(783)	IGHD2-7*00(40),IGHD2-8*00(35)	IGHJ2*00(220)	IGHA*00(90)	365|374|394|0|9||90.0	21|29|51|14|22||40.0;21|28|51|14|21||35.0	24|37|68|26|39||130.0		TGTGCAAGGGGGCCCTATGGTTGGTCCTTTGACTACTGG	43	CARGPYGWSFDYW	:::::::::0:0:9:14:-4:-5:22:26:-4:39:::
39	2.0	0.03389830508474576	TGTGCAAAAAATTACGACGCGGGACGGCCGACGGTTTTTGACTACTGG	[[[[[[[[[[[Y[[[[[[[[[[[[[[[[[[Y[[[[[[Y[[[[Y[[[[[	IGHV9-3*00(673),IGHV9-2*00(625),IGHV9-1*00(578)	IGHD2-4*00(45),IGHD2-7*00(40)	IGHJ2*00(215)	IGHA*00(60)	362|369|391|0|7||70.0;362|369|391|0|7||70.0;362|369|391|0|7|ST366C|41.0	26|35|51|10|19||45.0;27|35|51|11|19||40.0	25|37|68|36|48||120.0		TGTGCAAAAAATTACGACGCGGGACGGCCGACGGTTTTTGACTACTGG	56	CAKNYDAGRPTVFDYW	:::::::::0:-2:7:10:-9:1:19:36:-5:48:::
40	2.0	0.03389830508474576	TGTACCAAATCCTGGGATTACTATGCTATGGACTACTGG	FFFFF:FFFFFFFFFFFFFFFFFFFFFFFFFFFFFFFFF	IGHV2-5*00(906),IGHV2-2*00(784)	IGHD4-1*00(25)	IGHJ4*00(270)	IGHG2B*00(225)	359|368|390|0|9|SG362A|61.0;359|366|390|0|7|SG362A|41.0	15|20|33|11|16||25.0	20|43|74|16|39||230.0		TGTACCAAATCCTGGGATTACTATGCTATGGACTACTGG	25	CTKSWDYYAMDYW	:::::::::0:-2:9:11:-4:-2:16:16:0:39:::
70	1.0	0.01694915254237288	TGTGTGAGAGATCGCCCGGGGAGGGACGACCAGGGGGCTATGGACTACTGG	FFFFFFFFFFFFFFFFFFFFFFFFFFFFFFFFFFFFFFFFFFFFFFFFFFF	IGHV10-3*00(515),IGHV10-1*00(463)	IGHD4-1*00(31)	IGHJ4*00(120)	IGHM*00(750)	368|381|399|0|13||130.0;368|377|397|0|9||90.0	17|26|33|22|31|ST23A|31.0	28|43|74|36|51||150.0		TGTGTGAGAGATCGCCCGGGGAGGGACGACCAGGGGGCTATGGACTACTGG	37	CVRDRPGRDDQGAMDYW	:::::::::0:2:13:22:-6:4:31:36:-8:51:::
71	1.0	0.01694915254237288	TGTGTAAGAGGGGACAACTATGATTTCGACGGGTGGTACTTCGATGTCTGG	FFFFFFFFFFFFFFFFFFFFFFFFFFF:FFF:FFFFFF:FFFFFFFFFFFF	IGHV1-19*00(278),IGHV1-39*00(262),IGHV1-34*00(246),IGHV1-42*00(246),IGHV1-78*00(246)	IGHD2-4*00(61)	IGHJ1*00(229)	IGHG2B*00(685)	362|371|391|0|9|SC366T|61.0;362|371|391|0|9|SC366T|61.0;362|371|391|0|9|SC366T|61.0;362|371|391|0|9|SC366T|61.0;362|371|391|0|9|SC366T|61.0	20|35|51|16|31|SA29T|61.0	24|42|73|33|51||180.0		TGTGTAAGAGGGGACAACTATGATTTCGACGGGTGGTACTTCGATGTCTGG	25	CVRGDNYDFDGWYFDVW	:::::::::0:0:9:16:-3:1:31:33:-4:51:::
74	1.0	0.01694915254237288	TGTGCTATTTTCCTCTACGTTCTTTACTTTGACTACTGG	FFFFFFFFFFFFFFF:FFFFFFFFFFFFFFFFFFFFFFF	IGHV14-2*00(740),IGHV14-1*00(644),IGHV14-3*00(628)	IGHD2-8*00(30),IGHD5-3*00(30),IGHD5-5*00(30)	IGHJ2*00(230)	IGHM*00(130)	332|339|361|0|7||70.0;362|369|391|0|7|SA365G|41.0;362|369|391|0|7||70.0	30|36|51|14|20||30.0;16|22|30|14|20||30.0;16|22|30|14|20||30.0	22|37|68|24|39||150.0		TGTGCTATTTTCCTCTACGTTCTTTACTTTGACTACTGG	25	CAIFLYVLYFDYW	:::::::::0:-2:7:14:-13:2:20:24:-2:39:::
76	1.0	0.01694915254237288	TGTGCCAGACGTTCTTTACTTTGACTACTGG	FFFFFFFFFFFFFFFFFFFFFFFFFFFFFFF	IGHV2-6*00(625),IGHV2-6-8*00(572),IGHV2-9*00(533),IGHV2-9-1*00(529)		IGHJ2*00(230)	IGHM*00(205)	359|368|388|0|9||90.0;359|367|390|0|8||80.0;359|372|389|0|13|SA366G|101.0;359|368|390|0|9||90.0		22|37|68|16|31||150.0		TGTGCCAGACGTTCTTTACTTTGACTACTGG	37	CARRS_YFDYW	:::::::::0:0:9:::::16:-2:31:::
77	1.0	0.01694915254237288	TGTGCCAAGCTACGTTCTTTACTTTGACTACTGG	FFFFFFFFFFFFFFFFFFFFFFFFFFFFFFF:FF	IGHV2-9*00(675),IGHV2-6-8*00(606),IGHV2-9-1*00(558),IGHV2-6*00(542)	IGHD1-1*00(35),IGHD3-1*00(35),IGHD3-2*00(35)	IGHJ2*00(230)	IGHM*00(465)	359|367|389|0|8||80.0;359|366|390|0|7||70.0;359|366|390|0|7||70.0;359|366|388|0|7||70.0	41|48|69|8|15||35.0;29|36|51|8|15||35.0;27|34|48|8|15||35.0	22|37|68|19|34||150.0		TGTGCCAAGCTACGTTCTTTACTTTGACTACTGG	25	CAKLRS_YFDYW	:::::::::0:-2:8:8:-18:2:15:19:-2:34:::
78	1.0	0.01694915254237288	TGTGCGAGAAAGAGGAAACTCGGTTACGTTCTTTACTTTGACTACTGG	FFFFFFFFF:FFFFFFFFFFFFFFFFFFFFFFFFFFFFFFFFFFFFFF	IGHV9-4*00(225)	IGHD2-7*00(35),IGHD2-3*00(30)	IGHJ2*00(230)	IGHM*00(835)	362|371|391|0|9||90.0	25|32|51|21|28||35.0;25|31|51|21|27||30.0	22|37|68|33|48||150.0		TGTGCGAGAAAGAGGAAACTCGGTTACGTTCTTTACTTTGACTACTGG	25	CARKRKLGYVLYFDYW	:::::::::0:0:9:21:-8:-2:28:33:-2:48:::
79	1.0	0.01694915254237288	TGTGCAAGGGGTACTACGGTAGGCTGGTACTTCGATGTCTGG	FFFFFFFFFFFFFFFFFFFFFFFFFFFFFFFFFFFFFFFFFF	IGHV1-53*00(150),IGHV1-72*00(150),IGHV1-64*00(134),IGHV1-66*00(134),IGHV1-69*00(134)	IGHD1-1*00(55)	IGHJ1*00(250)	IGHG2B*00(760)	362|370|391|0|8||80.0;362|370|391|0|8||80.0;362|370|391|0|8||80.0;362|370|391|0|8||80.0;362|370|391|0|8||80.0	28|39|69|11|22||55.0	23|42|73|23|42||190.0		TGTGCAAGGGGTACTACGGTAGGCTGGTACTTCGATGTCTGG	37	CARGTTVGWYFDVW	:::::::::0:-1:8:11:-5:-7:22:23:-3:42:::
80	1.0	0.01694915254237288	TGTGCAAGGGGGGTTCTTTACTTTGACTACTGG	FFFFF:FFFFF:FFFFFFFFFFFFFFF:F:FFF	IGHV1-9*00(1075)		IGHJ2*00(230)	IGHM*00(120)	362|370|391|0|8||80.0		22|37|68|18|33||150.0		TGTGCAAGGGGGGTTCTTTACTTTGACTACTGG	25	CARGVLYFDYW	:::::::::0:-1:8:::::18:-2:33:::
81	1.0	0.01694915254237288	TGTGCAAGATCTCCTGCTACGTTAGTAGCTGACGACTACTTTGACTACTGG	FFFFFFFFFFFFFFFFFFFFFFFFFFFFFFFFFFFFFFFFFFFFFFFFFFF	IGHV9-2*00(155),IGHV9-3*00(155),IGHV9-1*00(139)	IGHD1-1*00(59)	IGHJ2*00(240)	IGHA*00(280)	362|374|391|0|12||120.0;362|374|391|0|12||120.0;362|374|391|0|12|ST366C|91.0	30|47|69|16|34|SG35TI44G|59.0	20|37|68|34|51||170.0		TGTGCAAGATCTCCTGCTACGTTAGTAGCTGACGACTACTTTGACTACTGG	37	CARSPATLVADDYFDYW	:::::::::0:3:12:16:-7:1:34:34:0:51:::
82	1.0	0.01694915254237288	TGTGCAAGATCTACGTTCTTTACTTTGACTACTGG	FFFFFFFFFFFFFFFFFFFFFFFFFFFFFFFFFFF	IGHV5-12*00(995),IGHV5-9-1*00(803)		IGHJ2*00(230)	IGHM*00(100)	362|374|391|0|12||120.0;362|374|391|0|12|SA365G|91.0		22|37|68|20|35||150.0		TGTGCAAGATCTACGTTCTTTACTTTGACTACTGG	37	CARSTF_YFDYW	:::::::::0:3:12:::::20:-2:35:::
83	1.0	0.01694915254237288	TGTGCAAGATCGAGGTACTACGGTAGTAGCTATTACTATGGTATGGACTACTGG	FFFFFFFFFFFFFFFFFFFFFFFFFFFFFFFFFFFFFFFFFFFFFFFFFFFFFF	IGHV1-75*00(245),IGHV1-80*00(245),IGHV1-84*00(245),IGHV1-54*00(229),IGHV1-56*00(229)	IGHD1-1*00(75)	IGHJ4*00(259)	IGHA*00(590)	362|373|391|0|11||110.0;362|373|391|0|11||110.0;362|373|391|0|11||110.0;362|373|391|0|11||110.0;362|373|391|0|11||110.0	28|43|69|15|30||75.0	19|43|74|30|54|SC29G|211.0		TGTGCAAGATCGAGGTACTACGGTAGTAGCTATTACTATGGTATGGACTACTGG	37	CARSRYYGSSYYYGMDYW	:::::::::0:2:11:15:-5:-3:30:30:1:54:::
84	1.0	0.01694915254237288	TGTGCAAGACCTACGTTCTTTACTTTGACTACTGG	FFFFFFFFFFFFFFFFFFFFFFFFFFFFFFFFFFF	IGHV5-9*00(220),IGHV5-2*00(209),IGHV5-15*00(204),IGHV5-17*00(187)		IGHJ2*00(230)	IGHM*00(515)	362|374|391|0|12|ST371C|91.0;362|372|393|0|10||100.0;362|374|391|0|12|ST371C|91.0;362|374|391|0|12|SG370A|91.0		22|37|68|20|35||150.0		TGTGCAAGACCTACGTTCTTTACTTTGACTACTGG	37	CARPTF_YFDYW	:::::::::0:3:12:::::20:-2:35:::
85	1.0	0.01694915254237288	TGTGCAAGAGCCTACGTTCTTTACTTTGACTACTGG	FFFFFFFFFFFFFFFFFFFFFFFFFFFFFFF:FFFF	IGHV5-12*00(125),IGHV5-4*00(125),IGHV5-6*00(125),IGHV12-3*00(113),IGHV5-9-1*00(109)	IGHD5-3*00(35),IGHD5-4*00(35),IGHD5-5*00(35)	IGHJ2*00(230)	IGHM*00(910)	362|371|391|0|9||90.0;362|371|391|0|9||90.0;362|371|391|0|9||90.0;359|372|388|0|13|SG365AST368G|72.0;362|371|391|0|9|SA365G|61.0	15|22|30|10|17||35.0;15|22|30|10|17||35.0;15|22|30|10|17||35.0	22|37|68|21|36||150.0		TGTGCAAGAGCCTACGTTCTTTACTTTGACTACTGG	25	CARAYVLYFDYW	:::::::::0:0:9:10:-5:2:17:21:-2:36:::
86	1.0	0.01694915254237288	TGTGCAAGAGGGGATTACTACGGTAGTAGCCCCTTTGCTTACTGG	FFFFFFFFFFFFF:FFFFFFFFFF:FFFFFFFFF:FFFFFFFFFF	IGHV1-55*00(525),IGHV1-56*00(493),IGHV1-59*00(493),IGHV1-62-3*00(493),IGHV1-64*00(493)	IGHD1-1*00(85)	IGHJ3*00(215)	IGHA*00(200)	362|371|391|0|9||90.0;362|371|391|0|9||90.0;362|371|391|0|9||90.0;362|371|391|0|9||90.0;362|371|391|0|9||90.0	26|43|69|13|30||85.0	25|37|68|33|45||120.0		TGTGCAAGAGGGGATTACTACGGTAGTAGCCCCTTTGCTTACTGG	25	CARGDYYGSSPFAYW	:::::::::0:0:9:13:-3:-3:30:33:-5:45:::
87	1.0	0.01694915254237288	TGTGCAAGAGAAGGGCCCGGCTACTGG	FFFFFFFFFFFFFFFFFFFFFFFFFFF	IGHV1-55*00(656),IGHV1-64*00(576),IGHV1-83*00(576),IGHV1-66*00(560),IGHV1-56*00(544)	IGHD3-1*00(25)	IGHJ2*00(174)	IGHA*00(200)	362|371|391|0|9||90.0;362|371|391|0|9||90.0;362|371|391|0|9||90.0;362|371|391|0|9||90.0;362|371|391|0|9||90.0	3|8|51|14|19||25.0	30|37|68|20|27||70.0		TGTGCAAGAGAAGGGCCCGGCTACTGG	37	CAREGPGYW	:::::::::0:0:9:14:14:-26:19:20:-10:27:::
88	1.0	0.01694915254237288	TGTGCAAAATACACTTCGGTAGTAGCTACGGACTACTGG	FFFFFFFFFFFFFFFFFFFFFFFFFFFFFFFFFFFFFFF	IGHV1-81*00(380),IGHV1-85*00(348)	IGHD1-1*00(76)	IGHJ2*00(200)	IGHA*00(805)	362|372|391|0|10|SG369A|71.0;362|372|391|0|10|SG369A|71.0	29|47|69|12|30|SA32T|76.0	28|37|68|30|39||90.0		TGTGCAAAATACACTTCGGTAGTAGCTACGGACTACTGG	37	CAKYTSVVATDYW	:::::::::0:1:10:12:-6:1:30:30:-8:39:::
